day,duration,type,uid
0,1.0923943676378405,social,24517
0,0.11260069718919744,push_notif,28815
0,1.888789311163122,search,97313
